--
-- PostgreSQL database dump
--

-- Dumped from database version 14.5 (Homebrew)
-- Dumped by pg_dump version 14.5 (Homebrew)

SET statement_timeout = 0;
SET lock_timeout = 0;
SET idle_in_transaction_session_timeout = 0;
SET client_encoding = 'UTF8';
SET standard_conforming_strings = on;
SELECT pg_catalog.set_config('search_path', '', false);
SET check_function_bodies = false;
SET xmloption = content;
SET client_min_messages = warning;
SET row_security = off;

SET default_tablespace = '';

SET default_table_access_method = heap;

--
-- Name: auth_group; Type: TABLE; Schema: public; Owner: postgres
--

CREATE TABLE public.auth_group (
    id integer NOT NULL,
    name character varying(150) NOT NULL
);


ALTER TABLE public.auth_group OWNER TO postgres;

--
-- Name: auth_group_id_seq; Type: SEQUENCE; Schema: public; Owner: postgres
--

ALTER TABLE public.auth_group ALTER COLUMN id ADD GENERATED BY DEFAULT AS IDENTITY (
    SEQUENCE NAME public.auth_group_id_seq
    START WITH 1
    INCREMENT BY 1
    NO MINVALUE
    NO MAXVALUE
    CACHE 1
);


--
-- Name: auth_group_permissions; Type: TABLE; Schema: public; Owner: postgres
--

CREATE TABLE public.auth_group_permissions (
    id bigint NOT NULL,
    group_id integer NOT NULL,
    permission_id integer NOT NULL
);


ALTER TABLE public.auth_group_permissions OWNER TO postgres;

--
-- Name: auth_group_permissions_id_seq; Type: SEQUENCE; Schema: public; Owner: postgres
--

ALTER TABLE public.auth_group_permissions ALTER COLUMN id ADD GENERATED BY DEFAULT AS IDENTITY (
    SEQUENCE NAME public.auth_group_permissions_id_seq
    START WITH 1
    INCREMENT BY 1
    NO MINVALUE
    NO MAXVALUE
    CACHE 1
);


--
-- Name: auth_permission; Type: TABLE; Schema: public; Owner: postgres
--

CREATE TABLE public.auth_permission (
    id integer NOT NULL,
    name character varying(255) NOT NULL,
    content_type_id integer NOT NULL,
    codename character varying(100) NOT NULL
);


ALTER TABLE public.auth_permission OWNER TO postgres;

--
-- Name: auth_permission_id_seq; Type: SEQUENCE; Schema: public; Owner: postgres
--

ALTER TABLE public.auth_permission ALTER COLUMN id ADD GENERATED BY DEFAULT AS IDENTITY (
    SEQUENCE NAME public.auth_permission_id_seq
    START WITH 1
    INCREMENT BY 1
    NO MINVALUE
    NO MAXVALUE
    CACHE 1
);


--
-- Name: auth_user; Type: TABLE; Schema: public; Owner: postgres
--

CREATE TABLE public.auth_user (
    id integer NOT NULL,
    password character varying(128) NOT NULL,
    last_login timestamp with time zone,
    is_superuser boolean NOT NULL,
    username character varying(150) NOT NULL,
    first_name character varying(150) NOT NULL,
    last_name character varying(150) NOT NULL,
    email character varying(254) NOT NULL,
    is_staff boolean NOT NULL,
    is_active boolean NOT NULL,
    date_joined timestamp with time zone NOT NULL
);


ALTER TABLE public.auth_user OWNER TO postgres;

--
-- Name: auth_user_groups; Type: TABLE; Schema: public; Owner: postgres
--

CREATE TABLE public.auth_user_groups (
    id bigint NOT NULL,
    user_id integer NOT NULL,
    group_id integer NOT NULL
);


ALTER TABLE public.auth_user_groups OWNER TO postgres;

--
-- Name: auth_user_groups_id_seq; Type: SEQUENCE; Schema: public; Owner: postgres
--

ALTER TABLE public.auth_user_groups ALTER COLUMN id ADD GENERATED BY DEFAULT AS IDENTITY (
    SEQUENCE NAME public.auth_user_groups_id_seq
    START WITH 1
    INCREMENT BY 1
    NO MINVALUE
    NO MAXVALUE
    CACHE 1
);


--
-- Name: auth_user_id_seq; Type: SEQUENCE; Schema: public; Owner: postgres
--

ALTER TABLE public.auth_user ALTER COLUMN id ADD GENERATED BY DEFAULT AS IDENTITY (
    SEQUENCE NAME public.auth_user_id_seq
    START WITH 1
    INCREMENT BY 1
    NO MINVALUE
    NO MAXVALUE
    CACHE 1
);


--
-- Name: auth_user_user_permissions; Type: TABLE; Schema: public; Owner: postgres
--

CREATE TABLE public.auth_user_user_permissions (
    id bigint NOT NULL,
    user_id integer NOT NULL,
    permission_id integer NOT NULL
);


ALTER TABLE public.auth_user_user_permissions OWNER TO postgres;

--
-- Name: auth_user_user_permissions_id_seq; Type: SEQUENCE; Schema: public; Owner: postgres
--

ALTER TABLE public.auth_user_user_permissions ALTER COLUMN id ADD GENERATED BY DEFAULT AS IDENTITY (
    SEQUENCE NAME public.auth_user_user_permissions_id_seq
    START WITH 1
    INCREMENT BY 1
    NO MINVALUE
    NO MAXVALUE
    CACHE 1
);


--
-- Name: commitment_causeofcategorysuccessorfailuremodel; Type: TABLE; Schema: public; Owner: postgres
--

CREATE TABLE public.commitment_causeofcategorysuccessorfailuremodel (
    id integer NOT NULL,
    title character varying(200) NOT NULL,
    is_success boolean NOT NULL,
    created_at timestamp with time zone NOT NULL,
    updated_at timestamp with time zone NOT NULL,
    category_id integer NOT NULL
);


ALTER TABLE public.commitment_causeofcategorysuccessorfailuremodel OWNER TO postgres;

--
-- Name: commitment_causeofcategorysuccessorfailuremodel_id_seq; Type: SEQUENCE; Schema: public; Owner: postgres
--

ALTER TABLE public.commitment_causeofcategorysuccessorfailuremodel ALTER COLUMN id ADD GENERATED BY DEFAULT AS IDENTITY (
    SEQUENCE NAME public.commitment_causeofcategorysuccessorfailuremodel_id_seq
    START WITH 1
    INCREMENT BY 1
    NO MINVALUE
    NO MAXVALUE
    CACHE 1
);


--
-- Name: commitment_commitmentcategorymodel; Type: TABLE; Schema: public; Owner: postgres
--

CREATE TABLE public.commitment_commitmentcategorymodel (
    id integer NOT NULL,
    name character varying(200) NOT NULL,
    created_at timestamp with time zone NOT NULL,
    updated_at timestamp with time zone NOT NULL
);


ALTER TABLE public.commitment_commitmentcategorymodel OWNER TO postgres;

--
-- Name: commitment_commitmentcategorymodel_id_seq; Type: SEQUENCE; Schema: public; Owner: postgres
--

ALTER TABLE public.commitment_commitmentcategorymodel ALTER COLUMN id ADD GENERATED BY DEFAULT AS IDENTITY (
    SEQUENCE NAME public.commitment_commitmentcategorymodel_id_seq
    START WITH 1
    INCREMENT BY 1
    NO MINVALUE
    NO MAXVALUE
    CACHE 1
);


--
-- Name: commitment_commitmentgraphdatamodel; Type: TABLE; Schema: public; Owner: postgres
--

CREATE TABLE public.commitment_commitmentgraphdatamodel (
    id integer NOT NULL,
    percentage_done double precision NOT NULL,
    created_at timestamp with time zone NOT NULL,
    updated_at timestamp with time zone NOT NULL,
    user_id integer
);


ALTER TABLE public.commitment_commitmentgraphdatamodel OWNER TO postgres;

--
-- Name: commitment_commitmentgraphdatamodel_id_seq; Type: SEQUENCE; Schema: public; Owner: postgres
--

ALTER TABLE public.commitment_commitmentgraphdatamodel ALTER COLUMN id ADD GENERATED BY DEFAULT AS IDENTITY (
    SEQUENCE NAME public.commitment_commitmentgraphdatamodel_id_seq
    START WITH 1
    INCREMENT BY 1
    NO MINVALUE
    NO MAXVALUE
    CACHE 1
);


--
-- Name: commitment_commitmentmodel; Type: TABLE; Schema: public; Owner: postgres
--

CREATE TABLE public.commitment_commitmentmodel (
    id integer NOT NULL,
    commitment_date timestamp with time zone NOT NULL,
    is_done boolean NOT NULL,
    is_updated boolean NOT NULL,
    created_at timestamp with time zone NOT NULL,
    updated_at timestamp with time zone NOT NULL,
    category_id integer,
    commitment_name_id integer,
    user_id integer
);


ALTER TABLE public.commitment_commitmentmodel OWNER TO postgres;

--
-- Name: commitment_commitmentmodel_id_seq; Type: SEQUENCE; Schema: public; Owner: postgres
--

ALTER TABLE public.commitment_commitmentmodel ALTER COLUMN id ADD GENERATED BY DEFAULT AS IDENTITY (
    SEQUENCE NAME public.commitment_commitmentmodel_id_seq
    START WITH 1
    INCREMENT BY 1
    NO MINVALUE
    NO MAXVALUE
    CACHE 1
);


--
-- Name: commitment_commitmentnamemodel; Type: TABLE; Schema: public; Owner: postgres
--

CREATE TABLE public.commitment_commitmentnamemodel (
    id integer NOT NULL,
    name character varying(200) NOT NULL,
    "successName" character varying(200) NOT NULL,
    "failureName" character varying(200) NOT NULL,
    "currentDayName" character varying(200) NOT NULL,
    created_at timestamp with time zone NOT NULL,
    updated_at timestamp with time zone NOT NULL,
    category_id integer
);


ALTER TABLE public.commitment_commitmentnamemodel OWNER TO postgres;

--
-- Name: commitment_commitmentnamemodel_id_seq; Type: SEQUENCE; Schema: public; Owner: postgres
--

ALTER TABLE public.commitment_commitmentnamemodel ALTER COLUMN id ADD GENERATED BY DEFAULT AS IDENTITY (
    SEQUENCE NAME public.commitment_commitmentnamemodel_id_seq
    START WITH 1
    INCREMENT BY 1
    NO MINVALUE
    NO MAXVALUE
    CACHE 1
);


--
-- Name: commitment_reasonbehindcommitmentsuccessorfailureforuser; Type: TABLE; Schema: public; Owner: postgres
--

CREATE TABLE public.commitment_reasonbehindcommitmentsuccessorfailureforuser (
    id integer NOT NULL,
    created_at timestamp with time zone NOT NULL,
    updated_at timestamp with time zone NOT NULL,
    cause_of_category_success_or_failure_id integer NOT NULL,
    commitment_id integer NOT NULL,
    user_id integer NOT NULL
);


ALTER TABLE public.commitment_reasonbehindcommitmentsuccessorfailureforuser OWNER TO postgres;

--
-- Name: commitment_reasonbehindcommitmentsuccessorfailureforuser_id_seq; Type: SEQUENCE; Schema: public; Owner: postgres
--

ALTER TABLE public.commitment_reasonbehindcommitmentsuccessorfailureforuser ALTER COLUMN id ADD GENERATED BY DEFAULT AS IDENTITY (
    SEQUENCE NAME public.commitment_reasonbehindcommitmentsuccessorfailureforuser_id_seq
    START WITH 1
    INCREMENT BY 1
    NO MINVALUE
    NO MAXVALUE
    CACHE 1
);


--
-- Name: designation_designationmodel; Type: TABLE; Schema: public; Owner: postgres
--

CREATE TABLE public.designation_designationmodel (
    id integer NOT NULL,
    title character varying(100) NOT NULL,
    created_at timestamp with time zone NOT NULL,
    updated_at timestamp with time zone NOT NULL
);


ALTER TABLE public.designation_designationmodel OWNER TO postgres;

--
-- Name: designation_designationmodel_id_seq; Type: SEQUENCE; Schema: public; Owner: postgres
--

ALTER TABLE public.designation_designationmodel ALTER COLUMN id ADD GENERATED BY DEFAULT AS IDENTITY (
    SEQUENCE NAME public.designation_designationmodel_id_seq
    START WITH 1
    INCREMENT BY 1
    NO MINVALUE
    NO MAXVALUE
    CACHE 1
);


--
-- Name: django_admin_log; Type: TABLE; Schema: public; Owner: postgres
--

CREATE TABLE public.django_admin_log (
    id integer NOT NULL,
    action_time timestamp with time zone NOT NULL,
    object_id text,
    object_repr character varying(200) NOT NULL,
    action_flag smallint NOT NULL,
    change_message text NOT NULL,
    content_type_id integer,
    user_id integer NOT NULL,
    CONSTRAINT django_admin_log_action_flag_check CHECK ((action_flag >= 0))
);


ALTER TABLE public.django_admin_log OWNER TO postgres;

--
-- Name: django_admin_log_id_seq; Type: SEQUENCE; Schema: public; Owner: postgres
--

ALTER TABLE public.django_admin_log ALTER COLUMN id ADD GENERATED BY DEFAULT AS IDENTITY (
    SEQUENCE NAME public.django_admin_log_id_seq
    START WITH 1
    INCREMENT BY 1
    NO MINVALUE
    NO MAXVALUE
    CACHE 1
);


--
-- Name: django_content_type; Type: TABLE; Schema: public; Owner: postgres
--

CREATE TABLE public.django_content_type (
    id integer NOT NULL,
    app_label character varying(100) NOT NULL,
    model character varying(100) NOT NULL
);


ALTER TABLE public.django_content_type OWNER TO postgres;

--
-- Name: django_content_type_id_seq; Type: SEQUENCE; Schema: public; Owner: postgres
--

ALTER TABLE public.django_content_type ALTER COLUMN id ADD GENERATED BY DEFAULT AS IDENTITY (
    SEQUENCE NAME public.django_content_type_id_seq
    START WITH 1
    INCREMENT BY 1
    NO MINVALUE
    NO MAXVALUE
    CACHE 1
);


--
-- Name: django_migrations; Type: TABLE; Schema: public; Owner: postgres
--

CREATE TABLE public.django_migrations (
    id bigint NOT NULL,
    app character varying(255) NOT NULL,
    name character varying(255) NOT NULL,
    applied timestamp with time zone NOT NULL
);


ALTER TABLE public.django_migrations OWNER TO postgres;

--
-- Name: django_migrations_id_seq; Type: SEQUENCE; Schema: public; Owner: postgres
--

ALTER TABLE public.django_migrations ALTER COLUMN id ADD GENERATED BY DEFAULT AS IDENTITY (
    SEQUENCE NAME public.django_migrations_id_seq
    START WITH 1
    INCREMENT BY 1
    NO MINVALUE
    NO MAXVALUE
    CACHE 1
);


--
-- Name: django_session; Type: TABLE; Schema: public; Owner: postgres
--

CREATE TABLE public.django_session (
    session_key character varying(40) NOT NULL,
    session_data text NOT NULL,
    expire_date timestamp with time zone NOT NULL
);


ALTER TABLE public.django_session OWNER TO postgres;

--
-- Name: subscription_subscriptionmodel; Type: TABLE; Schema: public; Owner: postgres
--

CREATE TABLE public.subscription_subscriptionmodel (
    id integer NOT NULL,
    amount_in_dollars bigint NOT NULL,
    duration_in_months character varying(100) NOT NULL,
    created_at timestamp with time zone NOT NULL,
    updated_at timestamp with time zone NOT NULL
);


ALTER TABLE public.subscription_subscriptionmodel OWNER TO postgres;

--
-- Name: subscription_subscriptionmodel_id_seq; Type: SEQUENCE; Schema: public; Owner: postgres
--

ALTER TABLE public.subscription_subscriptionmodel ALTER COLUMN id ADD GENERATED BY DEFAULT AS IDENTITY (
    SEQUENCE NAME public.subscription_subscriptionmodel_id_seq
    START WITH 1
    INCREMENT BY 1
    NO MINVALUE
    NO MAXVALUE
    CACHE 1
);


--
-- Name: user_usermodel; Type: TABLE; Schema: public; Owner: postgres
--

CREATE TABLE public.user_usermodel (
    id integer NOT NULL,
    first_name character varying(100) NOT NULL,
    last_name character varying(100) NOT NULL,
    mobile_number character varying(128) NOT NULL,
    profile_pic character varying(100) NOT NULL,
    password character varying(50) NOT NULL,
    age bigint NOT NULL,
    designation_title character varying(50) NOT NULL,
    is_medicine_ongoing boolean NOT NULL,
    any_health_issues boolean NOT NULL,
    is_subscribed boolean NOT NULL,
    joining_date timestamp with time zone NOT NULL,
    created_at timestamp with time zone NOT NULL,
    updated_at timestamp with time zone NOT NULL,
    designation_id integer
);


ALTER TABLE public.user_usermodel OWNER TO postgres;

--
-- Name: user_usermodel_id_seq; Type: SEQUENCE; Schema: public; Owner: postgres
--

ALTER TABLE public.user_usermodel ALTER COLUMN id ADD GENERATED BY DEFAULT AS IDENTITY (
    SEQUENCE NAME public.user_usermodel_id_seq
    START WITH 1
    INCREMENT BY 1
    NO MINVALUE
    NO MAXVALUE
    CACHE 1
);


--
-- Name: user_userpaymentdetailsmodel; Type: TABLE; Schema: public; Owner: postgres
--

CREATE TABLE public.user_userpaymentdetailsmodel (
    id integer NOT NULL,
    payment_id character varying(50) NOT NULL,
    date_of_payment timestamp with time zone NOT NULL,
    created_at timestamp with time zone NOT NULL,
    updated_at timestamp with time zone NOT NULL,
    subscription_id integer,
    user_id_id integer
);


ALTER TABLE public.user_userpaymentdetailsmodel OWNER TO postgres;

--
-- Name: user_userpaymentdetailsmodel_id_seq; Type: SEQUENCE; Schema: public; Owner: postgres
--

ALTER TABLE public.user_userpaymentdetailsmodel ALTER COLUMN id ADD GENERATED BY DEFAULT AS IDENTITY (
    SEQUENCE NAME public.user_userpaymentdetailsmodel_id_seq
    START WITH 1
    INCREMENT BY 1
    NO MINVALUE
    NO MAXVALUE
    CACHE 1
);


--
-- Name: user_usersubscriptiondetailsmodel; Type: TABLE; Schema: public; Owner: postgres
--

CREATE TABLE public.user_usersubscriptiondetailsmodel (
    id integer NOT NULL,
    created_at timestamp with time zone NOT NULL,
    updated_at timestamp with time zone NOT NULL,
    subscription_id integer,
    user_id integer
);


ALTER TABLE public.user_usersubscriptiondetailsmodel OWNER TO postgres;

--
-- Name: user_usersubscriptiondetailsmodel_id_seq; Type: SEQUENCE; Schema: public; Owner: postgres
--

ALTER TABLE public.user_usersubscriptiondetailsmodel ALTER COLUMN id ADD GENERATED BY DEFAULT AS IDENTITY (
    SEQUENCE NAME public.user_usersubscriptiondetailsmodel_id_seq
    START WITH 1
    INCREMENT BY 1
    NO MINVALUE
    NO MAXVALUE
    CACHE 1
);


--
-- Data for Name: auth_group; Type: TABLE DATA; Schema: public; Owner: postgres
--

COPY public.auth_group (id, name) FROM stdin;
\.


--
-- Data for Name: auth_group_permissions; Type: TABLE DATA; Schema: public; Owner: postgres
--

COPY public.auth_group_permissions (id, group_id, permission_id) FROM stdin;
\.


--
-- Data for Name: auth_permission; Type: TABLE DATA; Schema: public; Owner: postgres
--

COPY public.auth_permission (id, name, content_type_id, codename) FROM stdin;
1	Can add log entry	1	add_logentry
2	Can change log entry	1	change_logentry
3	Can delete log entry	1	delete_logentry
4	Can view log entry	1	view_logentry
5	Can add permission	2	add_permission
6	Can change permission	2	change_permission
7	Can delete permission	2	delete_permission
8	Can view permission	2	view_permission
9	Can add group	3	add_group
10	Can change group	3	change_group
11	Can delete group	3	delete_group
12	Can view group	3	view_group
13	Can add user	4	add_user
14	Can change user	4	change_user
15	Can delete user	4	delete_user
16	Can view user	4	view_user
17	Can add content type	5	add_contenttype
18	Can change content type	5	change_contenttype
19	Can delete content type	5	delete_contenttype
20	Can view content type	5	view_contenttype
21	Can add session	6	add_session
22	Can change session	6	change_session
23	Can delete session	6	delete_session
24	Can view session	6	view_session
25	Can add user model	7	add_usermodel
26	Can change user model	7	change_usermodel
27	Can delete user model	7	delete_usermodel
28	Can view user model	7	view_usermodel
29	Can add user subscription details model	8	add_usersubscriptiondetailsmodel
30	Can change user subscription details model	8	change_usersubscriptiondetailsmodel
31	Can delete user subscription details model	8	delete_usersubscriptiondetailsmodel
32	Can view user subscription details model	8	view_usersubscriptiondetailsmodel
33	Can add user payment details model	9	add_userpaymentdetailsmodel
34	Can change user payment details model	9	change_userpaymentdetailsmodel
35	Can delete user payment details model	9	delete_userpaymentdetailsmodel
36	Can view user payment details model	9	view_userpaymentdetailsmodel
37	Can add cause of category success or failure model	10	add_causeofcategorysuccessorfailuremodel
38	Can change cause of category success or failure model	10	change_causeofcategorysuccessorfailuremodel
39	Can delete cause of category success or failure model	10	delete_causeofcategorysuccessorfailuremodel
40	Can view cause of category success or failure model	10	view_causeofcategorysuccessorfailuremodel
41	Can add commitment category model	11	add_commitmentcategorymodel
42	Can change commitment category model	11	change_commitmentcategorymodel
43	Can delete commitment category model	11	delete_commitmentcategorymodel
44	Can view commitment category model	11	view_commitmentcategorymodel
45	Can add commitment model	12	add_commitmentmodel
46	Can change commitment model	12	change_commitmentmodel
47	Can delete commitment model	12	delete_commitmentmodel
48	Can view commitment model	12	view_commitmentmodel
49	Can add reason behind commitment success or failure for user	13	add_reasonbehindcommitmentsuccessorfailureforuser
50	Can change reason behind commitment success or failure for user	13	change_reasonbehindcommitmentsuccessorfailureforuser
51	Can delete reason behind commitment success or failure for user	13	delete_reasonbehindcommitmentsuccessorfailureforuser
52	Can view reason behind commitment success or failure for user	13	view_reasonbehindcommitmentsuccessorfailureforuser
53	Can add commitment name model	14	add_commitmentnamemodel
54	Can change commitment name model	14	change_commitmentnamemodel
55	Can delete commitment name model	14	delete_commitmentnamemodel
56	Can view commitment name model	14	view_commitmentnamemodel
57	Can add commitment graph data model	15	add_commitmentgraphdatamodel
58	Can change commitment graph data model	15	change_commitmentgraphdatamodel
59	Can delete commitment graph data model	15	delete_commitmentgraphdatamodel
60	Can view commitment graph data model	15	view_commitmentgraphdatamodel
61	Can add subscription model	16	add_subscriptionmodel
62	Can change subscription model	16	change_subscriptionmodel
63	Can delete subscription model	16	delete_subscriptionmodel
64	Can view subscription model	16	view_subscriptionmodel
65	Can add designation model	17	add_designationmodel
66	Can change designation model	17	change_designationmodel
67	Can delete designation model	17	delete_designationmodel
68	Can view designation model	17	view_designationmodel
\.


--
-- Data for Name: auth_user; Type: TABLE DATA; Schema: public; Owner: postgres
--

COPY public.auth_user (id, password, last_login, is_superuser, username, first_name, last_name, email, is_staff, is_active, date_joined) FROM stdin;
1	pbkdf2_sha256$390000$gsZnWYRPREpWJ1C5sjItfm$pIErfxfbPFeCS858xBbQKVLI2ZukTW7RtrnkxW+Ja8s=	2022-11-08 15:24:34.761669+05:30	t	anirudh			anrudh@gmail.com	t	t	2022-11-04 17:32:20.715204+05:30
\.


--
-- Data for Name: auth_user_groups; Type: TABLE DATA; Schema: public; Owner: postgres
--

COPY public.auth_user_groups (id, user_id, group_id) FROM stdin;
\.


--
-- Data for Name: auth_user_user_permissions; Type: TABLE DATA; Schema: public; Owner: postgres
--

COPY public.auth_user_user_permissions (id, user_id, permission_id) FROM stdin;
\.


--
-- Data for Name: commitment_causeofcategorysuccessorfailuremodel; Type: TABLE DATA; Schema: public; Owner: postgres
--

COPY public.commitment_causeofcategorysuccessorfailuremodel (id, title, is_success, created_at, updated_at, category_id) FROM stdin;
1	I woke up early today	t	2022-11-04 17:42:13+05:30	2022-11-04 17:42:13+05:30	1
2	I slept late yesterday night	t	2022-11-04 17:42:29+05:30	2022-11-04 17:42:29+05:30	1
3	i did not go outside with friends	t	2022-11-07 17:02:19+05:30	2022-11-07 17:02:19+05:30	2
4	I went out with friends for eating	f	2022-11-07 17:02:40+05:30	2022-11-07 17:02:40+05:30	2
5	I could not control myself	f	2022-11-07 17:02:55+05:30	2022-11-07 17:02:55+05:30	2
6	It was too easy for me to control	t	2022-11-07 17:03:14+05:30	2022-11-07 17:03:14+05:30	2
7	I got busy with my work	f	2022-11-08 15:26:03+05:30	2022-11-08 15:26:03+05:30	3
8	I forgot in my busy schedule of the day	f	2022-11-08 15:26:17+05:30	2022-11-08 15:26:17+05:30	3
9	I was busy still I drank min 5 bottles	t	2022-11-08 15:26:29+05:30	2022-11-08 15:26:29+05:30	3
10	I did lots of workout so i was thursty	t	2022-11-08 15:26:44+05:30	2022-11-08 15:26:44+05:30	3
\.


--
-- Data for Name: commitment_commitmentcategorymodel; Type: TABLE DATA; Schema: public; Owner: postgres
--

COPY public.commitment_commitmentcategorymodel (id, name, created_at, updated_at) FROM stdin;
1	Workout	2022-11-04 17:40:42+05:30	2022-11-04 17:40:43+05:30
2	Food	2022-11-04 17:40:49+05:30	2022-11-04 17:40:49+05:30
3	Water	2022-11-04 17:40:54+05:30	2022-11-04 17:40:54+05:30
\.


--
-- Data for Name: commitment_commitmentgraphdatamodel; Type: TABLE DATA; Schema: public; Owner: postgres
--

COPY public.commitment_commitmentgraphdatamodel (id, percentage_done, created_at, updated_at, user_id) FROM stdin;
\.


--
-- Data for Name: commitment_commitmentmodel; Type: TABLE DATA; Schema: public; Owner: postgres
--

COPY public.commitment_commitmentmodel (id, commitment_date, is_done, is_updated, created_at, updated_at, category_id, commitment_name_id, user_id) FROM stdin;
50	2022-11-16 15:20:06.975887+05:30	f	t	2022-11-16 15:20:06.976246+05:30	2022-11-16 15:20:06.976255+05:30	2	2	10
51	2022-11-16 15:20:32.35539+05:30	f	f	2022-11-16 15:20:32.355542+05:30	2022-11-16 15:20:32.355544+05:30	3	3	10
54	2022-11-16 15:21:38.687208+05:30	f	f	2022-11-16 15:21:38.687313+05:30	2022-11-16 15:21:38.687316+05:30	3	3	4
53	2022-11-16 15:21:38.681776+05:30	t	t	2022-11-16 15:21:38.681893+05:30	2022-11-16 15:21:38.681896+05:30	2	2	4
52	2022-11-16 15:21:38.671037+05:30	t	t	2022-11-16 15:21:38.671203+05:30	2022-11-16 15:21:38.671206+05:30	1	1	4
49	2022-11-16 15:16:51.242137+05:30	t	t	2022-11-16 15:16:51.242589+05:30	2022-11-16 15:16:51.242598+05:30	1	1	10
\.


--
-- Data for Name: commitment_commitmentnamemodel; Type: TABLE DATA; Schema: public; Owner: postgres
--

COPY public.commitment_commitmentnamemodel (id, name, "successName", "failureName", "currentDayName", created_at, updated_at, category_id) FROM stdin;
1	I will do workout tomorrow	Finally. I gave time to workout	I could not give time to workout today	I will give time to workout today no matter what	2022-11-04 17:41:21+05:30	2022-11-04 17:41:21+05:30	1
2	i will eat hygenic food tomorrow	I had only healthy food today	I had unhealthy food today	I controlled myself and avoided junk food today	2022-11-07 17:00:52+05:30	2022-11-07 17:00:52+05:30	2
3	I will drink min 5 bottles of water today	Yes finally I stood on my commitment of drinking water	I could not complete my commitment as decided of drinking water	I completed my commitment of having min 5 bottles of water today	2022-11-08 15:24:52+05:30	2022-11-08 15:24:52+05:30	3
\.


--
-- Data for Name: commitment_reasonbehindcommitmentsuccessorfailureforuser; Type: TABLE DATA; Schema: public; Owner: postgres
--

COPY public.commitment_reasonbehindcommitmentsuccessorfailureforuser (id, created_at, updated_at, cause_of_category_success_or_failure_id, commitment_id, user_id) FROM stdin;
34	2022-11-16 15:20:10.579743+05:30	2022-11-16 15:20:10.579752+05:30	4	50	10
35	2022-11-16 15:21:45.52476+05:30	2022-11-16 15:21:45.524807+05:30	3	53	4
36	2022-11-16 15:21:45.549888+05:30	2022-11-16 15:21:45.54992+05:30	6	53	4
37	2022-11-16 15:21:54.133229+05:30	2022-11-16 15:21:54.133301+05:30	1	52	4
33	2022-11-16 15:17:01.265375+05:30	2022-11-16 15:17:01.265381+05:30	1	49	10
\.


--
-- Data for Name: designation_designationmodel; Type: TABLE DATA; Schema: public; Owner: postgres
--

COPY public.designation_designationmodel (id, title, created_at, updated_at) FROM stdin;
1	Job	2022-11-04 17:43:42+05:30	2022-11-04 17:43:42+05:30
2	Business	2022-11-04 17:43:46+05:30	2022-11-04 17:43:46+05:30
3	Student	2022-11-04 17:43:49+05:30	2022-11-04 17:43:49+05:30
4	Freelancer	2022-11-04 17:43:55+05:30	2022-11-04 17:43:55+05:30
\.


--
-- Data for Name: django_admin_log; Type: TABLE DATA; Schema: public; Owner: postgres
--

COPY public.django_admin_log (id, action_time, object_id, object_repr, action_flag, change_message, content_type_id, user_id) FROM stdin;
1	2022-11-04 17:40:49.031786+05:30	1	CommitmentCategoryModel object (1)	1	[{"added": {}}]	11	1
2	2022-11-04 17:40:54.109375+05:30	2	CommitmentCategoryModel object (2)	1	[{"added": {}}]	11	1
3	2022-11-04 17:40:56.012346+05:30	3	CommitmentCategoryModel object (3)	1	[{"added": {}}]	11	1
4	2022-11-04 17:42:03.659724+05:30	1	CommitmentNameModel object (1)	1	[{"added": {}}]	14	1
5	2022-11-04 17:42:29.295991+05:30	1	CauseOfCategorySuccessOrFailureModel object (1)	1	[{"added": {}}]	10	1
6	2022-11-04 17:42:42.750886+05:30	2	CauseOfCategorySuccessOrFailureModel object (2)	1	[{"added": {}}]	10	1
7	2022-11-04 17:43:45.996042+05:30	1	DesignationModel object (1)	1	[{"added": {}}]	17	1
8	2022-11-04 17:43:49.618008+05:30	2	DesignationModel object (2)	1	[{"added": {}}]	17	1
9	2022-11-04 17:43:55.224146+05:30	3	DesignationModel object (3)	1	[{"added": {}}]	17	1
10	2022-11-04 17:44:00.380244+05:30	4	DesignationModel object (4)	1	[{"added": {}}]	17	1
11	2022-11-04 17:44:47.463017+05:30	1	UserModel object (1)	1	[{"added": {}}]	7	1
12	2022-11-04 17:46:20.739719+05:30	1	CommitmentModel object (1)	1	[{"added": {}}]	12	1
13	2022-11-04 17:48:53.692004+05:30	2	UserModel object (2)	1	[{"added": {}}]	7	1
14	2022-11-04 17:49:05.226235+05:30	2	CommitmentModel object (2)	1	[{"added": {}}]	12	1
15	2022-11-07 17:01:51.592097+05:30	2	CommitmentNameModel object (2)	1	[{"added": {}}]	14	1
16	2022-11-07 17:02:40.638063+05:30	3	CauseOfCategorySuccessOrFailureModel object (3)	1	[{"added": {}}]	10	1
17	2022-11-07 17:02:55.211347+05:30	4	CauseOfCategorySuccessOrFailureModel object (4)	1	[{"added": {}}]	10	1
18	2022-11-07 17:03:14.236324+05:30	5	CauseOfCategorySuccessOrFailureModel object (5)	1	[{"added": {}}]	10	1
19	2022-11-07 17:03:28.915117+05:30	6	CauseOfCategorySuccessOrFailureModel object (6)	1	[{"added": {}}]	10	1
20	2022-11-08 15:25:54.870067+05:30	3	CommitmentNameModel object (3)	1	[{"added": {}}]	14	1
21	2022-11-08 15:26:16.987668+05:30	7	CauseOfCategorySuccessOrFailureModel object (7)	1	[{"added": {}}]	10	1
22	2022-11-08 15:26:29.077954+05:30	8	CauseOfCategorySuccessOrFailureModel object (8)	1	[{"added": {}}]	10	1
23	2022-11-08 15:26:43.972839+05:30	9	CauseOfCategorySuccessOrFailureModel object (9)	1	[{"added": {}}]	10	1
24	2022-11-08 15:26:56.2089+05:30	10	CauseOfCategorySuccessOrFailureModel object (10)	1	[{"added": {}}]	10	1
\.


--
-- Data for Name: django_content_type; Type: TABLE DATA; Schema: public; Owner: postgres
--

COPY public.django_content_type (id, app_label, model) FROM stdin;
1	admin	logentry
2	auth	permission
3	auth	group
4	auth	user
5	contenttypes	contenttype
6	sessions	session
7	user	usermodel
8	user	usersubscriptiondetailsmodel
9	user	userpaymentdetailsmodel
10	commitment	causeofcategorysuccessorfailuremodel
11	commitment	commitmentcategorymodel
12	commitment	commitmentmodel
13	commitment	reasonbehindcommitmentsuccessorfailureforuser
14	commitment	commitmentnamemodel
15	commitment	commitmentgraphdatamodel
16	subscription	subscriptionmodel
17	designation	designationmodel
\.


--
-- Data for Name: django_migrations; Type: TABLE DATA; Schema: public; Owner: postgres
--

COPY public.django_migrations (id, app, name, applied) FROM stdin;
1	contenttypes	0001_initial	2022-11-04 17:24:45.561626+05:30
2	auth	0001_initial	2022-11-04 17:24:45.737086+05:30
3	admin	0001_initial	2022-11-04 17:24:45.77412+05:30
4	admin	0002_logentry_remove_auto_add	2022-11-04 17:24:45.785586+05:30
5	admin	0003_logentry_add_action_flag_choices	2022-11-04 17:24:45.794685+05:30
6	contenttypes	0002_remove_content_type_name	2022-11-04 17:24:45.824433+05:30
7	auth	0002_alter_permission_name_max_length	2022-11-04 17:24:45.843937+05:30
8	auth	0003_alter_user_email_max_length	2022-11-04 17:24:45.958346+05:30
9	auth	0004_alter_user_username_opts	2022-11-04 17:24:46.028375+05:30
10	auth	0005_alter_user_last_login_null	2022-11-04 17:24:46.043448+05:30
11	auth	0006_require_contenttypes_0002	2022-11-04 17:24:46.046061+05:30
12	auth	0007_alter_validators_add_error_messages	2022-11-04 17:24:46.058702+05:30
13	auth	0008_alter_user_username_max_length	2022-11-04 17:24:46.074869+05:30
14	auth	0009_alter_user_last_name_max_length	2022-11-04 17:24:46.084169+05:30
15	auth	0010_alter_group_name_max_length	2022-11-04 17:24:46.09856+05:30
16	auth	0011_update_proxy_permissions	2022-11-04 17:24:46.118097+05:30
17	auth	0012_alter_user_first_name_max_length	2022-11-04 17:24:46.134669+05:30
18	subscription	0001_initial	2022-11-04 17:24:46.160654+05:30
19	designation	0001_initial	2022-11-04 17:24:46.188226+05:30
20	user	0001_initial	2022-11-04 17:24:46.348087+05:30
21	commitment	0001_initial	2022-11-04 17:24:46.632047+05:30
22	sessions	0001_initial	2022-11-04 17:24:46.662669+05:30
23	user	0002_alter_usermodel_first_name_alter_usermodel_last_name	2022-11-10 14:01:22.432298+05:30
\.


--
-- Data for Name: django_session; Type: TABLE DATA; Schema: public; Owner: postgres
--

COPY public.django_session (session_key, session_data, expire_date) FROM stdin;
\.


--
-- Data for Name: subscription_subscriptionmodel; Type: TABLE DATA; Schema: public; Owner: postgres
--

COPY public.subscription_subscriptionmodel (id, amount_in_dollars, duration_in_months, created_at, updated_at) FROM stdin;
\.


--
-- Data for Name: user_usermodel; Type: TABLE DATA; Schema: public; Owner: postgres
--

COPY public.user_usermodel (id, first_name, last_name, mobile_number, profile_pic, password, age, designation_title, is_medicine_ongoing, any_health_issues, is_subscribed, joining_date, created_at, updated_at, designation_id) FROM stdin;
3	Mansha	Chawlaaa	+917020829454	static/scaled_cc254181-92c7-4b6d-ac8d-afa707ec1f9f1769151194200861822.jpg	Radixweb16	19	Flutter developer	f	f	f	2022-11-04 18:19:45.21358+05:30	2022-11-04 18:19:45.213588+05:30	2022-11-04 18:19:45.213593+05:30	1
4	Dholu	Chill	+917020829453	static/scaled_d05c2a17-aab9-4aa2-9bcf-36852a976de64819697446997543696.jpg	Radixweb17	20	Textile businss	f	f	f	2022-11-07 11:04:50.188359+05:30	2022-11-07 11:04:50.188362+05:30	2022-11-07 11:04:50.188364+05:30	2
5	anirudha	chawlaa	+917020829597	static/scaled_f09914fd-91b3-4eec-99d3-825ebee1574d6986746343654062024.jpg	123dcdscscdscdcc	22	dscdscs	f	f	f	2022-11-10 12:37:49.639703+05:30	2022-11-10 12:37:49.63971+05:30	2022-11-10 12:37:49.639714+05:30	1
6	Dholua	Chilla	+917020829452	static/scaled_eb1076de-2ee8-42dc-b2f6-5cb303efae103338272594571441944.jpg	Radixweb18	21	dcdd	f	f	f	2022-11-10 12:46:14.821101+05:30	2022-11-10 12:46:14.821105+05:30	2022-11-10 12:46:14.821106+05:30	3
7	Dhola	Chillaa	+917020829451	static/scaled_1c5916c1-44ee-4a30-8a7c-2fc2233ddecf4387016816350615886.jpg	Radixweb17	20	dsdscsc	f	f	f	2022-11-10 14:37:41.48674+05:30	2022-11-10 14:37:41.486751+05:30	2022-11-10 14:37:41.486758+05:30	2
8	IOS	Testing	+917020829452	static/image_picker_48CABD34-DDC4-4A6F-A91F-D876E0FE408C-52897-00001A7766D7CA2A.jpg	Radixweb19	25	dsdscsc33	f	f	f	2022-11-10 17:52:43.57689+05:30	2022-11-10 17:52:43.5769+05:30	2022-11-10 17:52:43.576903+05:30	3
1	Anirudh updated	Chawla	+917020829593	static/scaled_f09914fd-91b3-4eec-99d3-825ebee1574d6986746343654062024.jpg	Radixweb20	25	full stack engineer	f	f	t	2022-11-04 17:44:05+05:30	2022-11-04 17:44:05+05:30	2022-11-04 17:44:05+05:30	1
2	Angel 1	Patel	+917878777008	Screenshot_2022-10-04_at_12.07.06_PM.png	Radixweb15	24	10th class Teacher	f	f	f	2022-11-04 17:48:24+05:30	2022-11-04 17:48:24+05:30	2022-11-04 17:48:24+05:30	1
9	Dholu1	Chill1	+917020829451	static/scaled_f09914fd-91b3-4eec-99d3-825ebee1574d6986746343654062024.jpg	Radixweb11	21	dscdscs	f	f	f	2022-11-15 11:56:04.705514+05:30	2022-11-15 11:56:04.70552+05:30	2022-11-15 11:56:04.705524+05:30	3
10	Dholu3	Chill2	+917020829452	static/image_picker_66EE0249-8D7F-43B8-8403-8B485ACB1832-3962-0000068034A63C8E.jpg	Radixweb12	22	dsdscs2	f	f	f	2022-11-15 11:56:42.779924+05:30	2022-11-15 11:56:42.779928+05:30	2022-11-15 11:56:42.779931+05:30	2
\.


--
-- Data for Name: user_userpaymentdetailsmodel; Type: TABLE DATA; Schema: public; Owner: postgres
--

COPY public.user_userpaymentdetailsmodel (id, payment_id, date_of_payment, created_at, updated_at, subscription_id, user_id_id) FROM stdin;
\.


--
-- Data for Name: user_usersubscriptiondetailsmodel; Type: TABLE DATA; Schema: public; Owner: postgres
--

COPY public.user_usersubscriptiondetailsmodel (id, created_at, updated_at, subscription_id, user_id) FROM stdin;
\.


--
-- Name: auth_group_id_seq; Type: SEQUENCE SET; Schema: public; Owner: postgres
--

SELECT pg_catalog.setval('public.auth_group_id_seq', 1, false);


--
-- Name: auth_group_permissions_id_seq; Type: SEQUENCE SET; Schema: public; Owner: postgres
--

SELECT pg_catalog.setval('public.auth_group_permissions_id_seq', 1, false);


--
-- Name: auth_permission_id_seq; Type: SEQUENCE SET; Schema: public; Owner: postgres
--

SELECT pg_catalog.setval('public.auth_permission_id_seq', 68, true);


--
-- Name: auth_user_groups_id_seq; Type: SEQUENCE SET; Schema: public; Owner: postgres
--

SELECT pg_catalog.setval('public.auth_user_groups_id_seq', 1, false);


--
-- Name: auth_user_id_seq; Type: SEQUENCE SET; Schema: public; Owner: postgres
--

SELECT pg_catalog.setval('public.auth_user_id_seq', 1, true);


--
-- Name: auth_user_user_permissions_id_seq; Type: SEQUENCE SET; Schema: public; Owner: postgres
--

SELECT pg_catalog.setval('public.auth_user_user_permissions_id_seq', 1, false);


--
-- Name: commitment_causeofcategorysuccessorfailuremodel_id_seq; Type: SEQUENCE SET; Schema: public; Owner: postgres
--

SELECT pg_catalog.setval('public.commitment_causeofcategorysuccessorfailuremodel_id_seq', 10, true);


--
-- Name: commitment_commitmentcategorymodel_id_seq; Type: SEQUENCE SET; Schema: public; Owner: postgres
--

SELECT pg_catalog.setval('public.commitment_commitmentcategorymodel_id_seq', 3, true);


--
-- Name: commitment_commitmentgraphdatamodel_id_seq; Type: SEQUENCE SET; Schema: public; Owner: postgres
--

SELECT pg_catalog.setval('public.commitment_commitmentgraphdatamodel_id_seq', 1, false);


--
-- Name: commitment_commitmentmodel_id_seq; Type: SEQUENCE SET; Schema: public; Owner: postgres
--

SELECT pg_catalog.setval('public.commitment_commitmentmodel_id_seq', 54, true);


--
-- Name: commitment_commitmentnamemodel_id_seq; Type: SEQUENCE SET; Schema: public; Owner: postgres
--

SELECT pg_catalog.setval('public.commitment_commitmentnamemodel_id_seq', 3, true);


--
-- Name: commitment_reasonbehindcommitmentsuccessorfailureforuser_id_seq; Type: SEQUENCE SET; Schema: public; Owner: postgres
--

SELECT pg_catalog.setval('public.commitment_reasonbehindcommitmentsuccessorfailureforuser_id_seq', 37, true);


--
-- Name: designation_designationmodel_id_seq; Type: SEQUENCE SET; Schema: public; Owner: postgres
--

SELECT pg_catalog.setval('public.designation_designationmodel_id_seq', 4, true);


--
-- Name: django_admin_log_id_seq; Type: SEQUENCE SET; Schema: public; Owner: postgres
--

SELECT pg_catalog.setval('public.django_admin_log_id_seq', 24, true);


--
-- Name: django_content_type_id_seq; Type: SEQUENCE SET; Schema: public; Owner: postgres
--

SELECT pg_catalog.setval('public.django_content_type_id_seq', 17, true);


--
-- Name: django_migrations_id_seq; Type: SEQUENCE SET; Schema: public; Owner: postgres
--

SELECT pg_catalog.setval('public.django_migrations_id_seq', 23, true);


--
-- Name: subscription_subscriptionmodel_id_seq; Type: SEQUENCE SET; Schema: public; Owner: postgres
--

SELECT pg_catalog.setval('public.subscription_subscriptionmodel_id_seq', 1, false);


--
-- Name: user_usermodel_id_seq; Type: SEQUENCE SET; Schema: public; Owner: postgres
--

SELECT pg_catalog.setval('public.user_usermodel_id_seq', 10, true);


--
-- Name: user_userpaymentdetailsmodel_id_seq; Type: SEQUENCE SET; Schema: public; Owner: postgres
--

SELECT pg_catalog.setval('public.user_userpaymentdetailsmodel_id_seq', 1, false);


--
-- Name: user_usersubscriptiondetailsmodel_id_seq; Type: SEQUENCE SET; Schema: public; Owner: postgres
--

SELECT pg_catalog.setval('public.user_usersubscriptiondetailsmodel_id_seq', 1, false);


--
-- Name: auth_group auth_group_name_key; Type: CONSTRAINT; Schema: public; Owner: postgres
--

ALTER TABLE ONLY public.auth_group
    ADD CONSTRAINT auth_group_name_key UNIQUE (name);


--
-- Name: auth_group_permissions auth_group_permissions_group_id_permission_id_0cd325b0_uniq; Type: CONSTRAINT; Schema: public; Owner: postgres
--

ALTER TABLE ONLY public.auth_group_permissions
    ADD CONSTRAINT auth_group_permissions_group_id_permission_id_0cd325b0_uniq UNIQUE (group_id, permission_id);


--
-- Name: auth_group_permissions auth_group_permissions_pkey; Type: CONSTRAINT; Schema: public; Owner: postgres
--

ALTER TABLE ONLY public.auth_group_permissions
    ADD CONSTRAINT auth_group_permissions_pkey PRIMARY KEY (id);


--
-- Name: auth_group auth_group_pkey; Type: CONSTRAINT; Schema: public; Owner: postgres
--

ALTER TABLE ONLY public.auth_group
    ADD CONSTRAINT auth_group_pkey PRIMARY KEY (id);


--
-- Name: auth_permission auth_permission_content_type_id_codename_01ab375a_uniq; Type: CONSTRAINT; Schema: public; Owner: postgres
--

ALTER TABLE ONLY public.auth_permission
    ADD CONSTRAINT auth_permission_content_type_id_codename_01ab375a_uniq UNIQUE (content_type_id, codename);


--
-- Name: auth_permission auth_permission_pkey; Type: CONSTRAINT; Schema: public; Owner: postgres
--

ALTER TABLE ONLY public.auth_permission
    ADD CONSTRAINT auth_permission_pkey PRIMARY KEY (id);


--
-- Name: auth_user_groups auth_user_groups_pkey; Type: CONSTRAINT; Schema: public; Owner: postgres
--

ALTER TABLE ONLY public.auth_user_groups
    ADD CONSTRAINT auth_user_groups_pkey PRIMARY KEY (id);


--
-- Name: auth_user_groups auth_user_groups_user_id_group_id_94350c0c_uniq; Type: CONSTRAINT; Schema: public; Owner: postgres
--

ALTER TABLE ONLY public.auth_user_groups
    ADD CONSTRAINT auth_user_groups_user_id_group_id_94350c0c_uniq UNIQUE (user_id, group_id);


--
-- Name: auth_user auth_user_pkey; Type: CONSTRAINT; Schema: public; Owner: postgres
--

ALTER TABLE ONLY public.auth_user
    ADD CONSTRAINT auth_user_pkey PRIMARY KEY (id);


--
-- Name: auth_user_user_permissions auth_user_user_permissions_pkey; Type: CONSTRAINT; Schema: public; Owner: postgres
--

ALTER TABLE ONLY public.auth_user_user_permissions
    ADD CONSTRAINT auth_user_user_permissions_pkey PRIMARY KEY (id);


--
-- Name: auth_user_user_permissions auth_user_user_permissions_user_id_permission_id_14a6b632_uniq; Type: CONSTRAINT; Schema: public; Owner: postgres
--

ALTER TABLE ONLY public.auth_user_user_permissions
    ADD CONSTRAINT auth_user_user_permissions_user_id_permission_id_14a6b632_uniq UNIQUE (user_id, permission_id);


--
-- Name: auth_user auth_user_username_key; Type: CONSTRAINT; Schema: public; Owner: postgres
--

ALTER TABLE ONLY public.auth_user
    ADD CONSTRAINT auth_user_username_key UNIQUE (username);


--
-- Name: commitment_causeofcategorysuccessorfailuremodel commitment_causeofcategorysuccessorfailuremodel_pkey; Type: CONSTRAINT; Schema: public; Owner: postgres
--

ALTER TABLE ONLY public.commitment_causeofcategorysuccessorfailuremodel
    ADD CONSTRAINT commitment_causeofcategorysuccessorfailuremodel_pkey PRIMARY KEY (id);


--
-- Name: commitment_causeofcategorysuccessorfailuremodel commitment_causeofcategorysuccessorfailuremodel_title_key; Type: CONSTRAINT; Schema: public; Owner: postgres
--

ALTER TABLE ONLY public.commitment_causeofcategorysuccessorfailuremodel
    ADD CONSTRAINT commitment_causeofcategorysuccessorfailuremodel_title_key UNIQUE (title);


--
-- Name: commitment_commitmentcategorymodel commitment_commitmentcategorymodel_name_key; Type: CONSTRAINT; Schema: public; Owner: postgres
--

ALTER TABLE ONLY public.commitment_commitmentcategorymodel
    ADD CONSTRAINT commitment_commitmentcategorymodel_name_key UNIQUE (name);


--
-- Name: commitment_commitmentcategorymodel commitment_commitmentcategorymodel_pkey; Type: CONSTRAINT; Schema: public; Owner: postgres
--

ALTER TABLE ONLY public.commitment_commitmentcategorymodel
    ADD CONSTRAINT commitment_commitmentcategorymodel_pkey PRIMARY KEY (id);


--
-- Name: commitment_commitmentgraphdatamodel commitment_commitmentgraphdatamodel_pkey; Type: CONSTRAINT; Schema: public; Owner: postgres
--

ALTER TABLE ONLY public.commitment_commitmentgraphdatamodel
    ADD CONSTRAINT commitment_commitmentgraphdatamodel_pkey PRIMARY KEY (id);


--
-- Name: commitment_commitmentmodel commitment_commitmentmodel_pkey; Type: CONSTRAINT; Schema: public; Owner: postgres
--

ALTER TABLE ONLY public.commitment_commitmentmodel
    ADD CONSTRAINT commitment_commitmentmodel_pkey PRIMARY KEY (id);


--
-- Name: commitment_commitmentnamemodel commitment_commitmentnamemodel_currentDayName_key; Type: CONSTRAINT; Schema: public; Owner: postgres
--

ALTER TABLE ONLY public.commitment_commitmentnamemodel
    ADD CONSTRAINT "commitment_commitmentnamemodel_currentDayName_key" UNIQUE ("currentDayName");


--
-- Name: commitment_commitmentnamemodel commitment_commitmentnamemodel_failureName_key; Type: CONSTRAINT; Schema: public; Owner: postgres
--

ALTER TABLE ONLY public.commitment_commitmentnamemodel
    ADD CONSTRAINT "commitment_commitmentnamemodel_failureName_key" UNIQUE ("failureName");


--
-- Name: commitment_commitmentnamemodel commitment_commitmentnamemodel_name_key; Type: CONSTRAINT; Schema: public; Owner: postgres
--

ALTER TABLE ONLY public.commitment_commitmentnamemodel
    ADD CONSTRAINT commitment_commitmentnamemodel_name_key UNIQUE (name);


--
-- Name: commitment_commitmentnamemodel commitment_commitmentnamemodel_pkey; Type: CONSTRAINT; Schema: public; Owner: postgres
--

ALTER TABLE ONLY public.commitment_commitmentnamemodel
    ADD CONSTRAINT commitment_commitmentnamemodel_pkey PRIMARY KEY (id);


--
-- Name: commitment_commitmentnamemodel commitment_commitmentnamemodel_successName_key; Type: CONSTRAINT; Schema: public; Owner: postgres
--

ALTER TABLE ONLY public.commitment_commitmentnamemodel
    ADD CONSTRAINT "commitment_commitmentnamemodel_successName_key" UNIQUE ("successName");


--
-- Name: commitment_reasonbehindcommitmentsuccessorfailureforuser commitment_reasonbehindcommitmentsuccessorfailureforuser_pkey; Type: CONSTRAINT; Schema: public; Owner: postgres
--

ALTER TABLE ONLY public.commitment_reasonbehindcommitmentsuccessorfailureforuser
    ADD CONSTRAINT commitment_reasonbehindcommitmentsuccessorfailureforuser_pkey PRIMARY KEY (id);


--
-- Name: designation_designationmodel designation_designationmodel_pkey; Type: CONSTRAINT; Schema: public; Owner: postgres
--

ALTER TABLE ONLY public.designation_designationmodel
    ADD CONSTRAINT designation_designationmodel_pkey PRIMARY KEY (id);


--
-- Name: designation_designationmodel designation_designationmodel_title_key; Type: CONSTRAINT; Schema: public; Owner: postgres
--

ALTER TABLE ONLY public.designation_designationmodel
    ADD CONSTRAINT designation_designationmodel_title_key UNIQUE (title);


--
-- Name: django_admin_log django_admin_log_pkey; Type: CONSTRAINT; Schema: public; Owner: postgres
--

ALTER TABLE ONLY public.django_admin_log
    ADD CONSTRAINT django_admin_log_pkey PRIMARY KEY (id);


--
-- Name: django_content_type django_content_type_app_label_model_76bd3d3b_uniq; Type: CONSTRAINT; Schema: public; Owner: postgres
--

ALTER TABLE ONLY public.django_content_type
    ADD CONSTRAINT django_content_type_app_label_model_76bd3d3b_uniq UNIQUE (app_label, model);


--
-- Name: django_content_type django_content_type_pkey; Type: CONSTRAINT; Schema: public; Owner: postgres
--

ALTER TABLE ONLY public.django_content_type
    ADD CONSTRAINT django_content_type_pkey PRIMARY KEY (id);


--
-- Name: django_migrations django_migrations_pkey; Type: CONSTRAINT; Schema: public; Owner: postgres
--

ALTER TABLE ONLY public.django_migrations
    ADD CONSTRAINT django_migrations_pkey PRIMARY KEY (id);


--
-- Name: django_session django_session_pkey; Type: CONSTRAINT; Schema: public; Owner: postgres
--

ALTER TABLE ONLY public.django_session
    ADD CONSTRAINT django_session_pkey PRIMARY KEY (session_key);


--
-- Name: subscription_subscriptionmodel subscription_subscriptionmodel_duration_in_months_key; Type: CONSTRAINT; Schema: public; Owner: postgres
--

ALTER TABLE ONLY public.subscription_subscriptionmodel
    ADD CONSTRAINT subscription_subscriptionmodel_duration_in_months_key UNIQUE (duration_in_months);


--
-- Name: subscription_subscriptionmodel subscription_subscriptionmodel_pkey; Type: CONSTRAINT; Schema: public; Owner: postgres
--

ALTER TABLE ONLY public.subscription_subscriptionmodel
    ADD CONSTRAINT subscription_subscriptionmodel_pkey PRIMARY KEY (id);


--
-- Name: user_usermodel user_usermodel_pkey; Type: CONSTRAINT; Schema: public; Owner: postgres
--

ALTER TABLE ONLY public.user_usermodel
    ADD CONSTRAINT user_usermodel_pkey PRIMARY KEY (id);


--
-- Name: user_userpaymentdetailsmodel user_userpaymentdetailsmodel_pkey; Type: CONSTRAINT; Schema: public; Owner: postgres
--

ALTER TABLE ONLY public.user_userpaymentdetailsmodel
    ADD CONSTRAINT user_userpaymentdetailsmodel_pkey PRIMARY KEY (id);


--
-- Name: user_usersubscriptiondetailsmodel user_usersubscriptiondetailsmodel_pkey; Type: CONSTRAINT; Schema: public; Owner: postgres
--

ALTER TABLE ONLY public.user_usersubscriptiondetailsmodel
    ADD CONSTRAINT user_usersubscriptiondetailsmodel_pkey PRIMARY KEY (id);


--
-- Name: auth_group_name_a6ea08ec_like; Type: INDEX; Schema: public; Owner: postgres
--

CREATE INDEX auth_group_name_a6ea08ec_like ON public.auth_group USING btree (name varchar_pattern_ops);


--
-- Name: auth_group_permissions_group_id_b120cbf9; Type: INDEX; Schema: public; Owner: postgres
--

CREATE INDEX auth_group_permissions_group_id_b120cbf9 ON public.auth_group_permissions USING btree (group_id);


--
-- Name: auth_group_permissions_permission_id_84c5c92e; Type: INDEX; Schema: public; Owner: postgres
--

CREATE INDEX auth_group_permissions_permission_id_84c5c92e ON public.auth_group_permissions USING btree (permission_id);


--
-- Name: auth_permission_content_type_id_2f476e4b; Type: INDEX; Schema: public; Owner: postgres
--

CREATE INDEX auth_permission_content_type_id_2f476e4b ON public.auth_permission USING btree (content_type_id);


--
-- Name: auth_user_groups_group_id_97559544; Type: INDEX; Schema: public; Owner: postgres
--

CREATE INDEX auth_user_groups_group_id_97559544 ON public.auth_user_groups USING btree (group_id);


--
-- Name: auth_user_groups_user_id_6a12ed8b; Type: INDEX; Schema: public; Owner: postgres
--

CREATE INDEX auth_user_groups_user_id_6a12ed8b ON public.auth_user_groups USING btree (user_id);


--
-- Name: auth_user_user_permissions_permission_id_1fbb5f2c; Type: INDEX; Schema: public; Owner: postgres
--

CREATE INDEX auth_user_user_permissions_permission_id_1fbb5f2c ON public.auth_user_user_permissions USING btree (permission_id);


--
-- Name: auth_user_user_permissions_user_id_a95ead1b; Type: INDEX; Schema: public; Owner: postgres
--

CREATE INDEX auth_user_user_permissions_user_id_a95ead1b ON public.auth_user_user_permissions USING btree (user_id);


--
-- Name: auth_user_username_6821ab7c_like; Type: INDEX; Schema: public; Owner: postgres
--

CREATE INDEX auth_user_username_6821ab7c_like ON public.auth_user USING btree (username varchar_pattern_ops);


--
-- Name: commitment_causeofcatego_title_47e5cdbd_like; Type: INDEX; Schema: public; Owner: postgres
--

CREATE INDEX commitment_causeofcatego_title_47e5cdbd_like ON public.commitment_causeofcategorysuccessorfailuremodel USING btree (title varchar_pattern_ops);


--
-- Name: commitment_causeofcategory_category_id_c845b343; Type: INDEX; Schema: public; Owner: postgres
--

CREATE INDEX commitment_causeofcategory_category_id_c845b343 ON public.commitment_causeofcategorysuccessorfailuremodel USING btree (category_id);


--
-- Name: commitment_commitmentcategorymodel_name_10c78d38_like; Type: INDEX; Schema: public; Owner: postgres
--

CREATE INDEX commitment_commitmentcategorymodel_name_10c78d38_like ON public.commitment_commitmentcategorymodel USING btree (name varchar_pattern_ops);


--
-- Name: commitment_commitmentgraphdatamodel_user_id_b1740f21; Type: INDEX; Schema: public; Owner: postgres
--

CREATE INDEX commitment_commitmentgraphdatamodel_user_id_b1740f21 ON public.commitment_commitmentgraphdatamodel USING btree (user_id);


--
-- Name: commitment_commitmentmodel_category_id_fd1e1dde; Type: INDEX; Schema: public; Owner: postgres
--

CREATE INDEX commitment_commitmentmodel_category_id_fd1e1dde ON public.commitment_commitmentmodel USING btree (category_id);


--
-- Name: commitment_commitmentmodel_commitment_name_id_cdfa02c1; Type: INDEX; Schema: public; Owner: postgres
--

CREATE INDEX commitment_commitmentmodel_commitment_name_id_cdfa02c1 ON public.commitment_commitmentmodel USING btree (commitment_name_id);


--
-- Name: commitment_commitmentmodel_user_id_1c9525b9; Type: INDEX; Schema: public; Owner: postgres
--

CREATE INDEX commitment_commitmentmodel_user_id_1c9525b9 ON public.commitment_commitmentmodel USING btree (user_id);


--
-- Name: commitment_commitmentnamemodel_category_id_3516159c; Type: INDEX; Schema: public; Owner: postgres
--

CREATE INDEX commitment_commitmentnamemodel_category_id_3516159c ON public.commitment_commitmentnamemodel USING btree (category_id);


--
-- Name: commitment_commitmentnamemodel_currentDayName_5c64c48f_like; Type: INDEX; Schema: public; Owner: postgres
--

CREATE INDEX "commitment_commitmentnamemodel_currentDayName_5c64c48f_like" ON public.commitment_commitmentnamemodel USING btree ("currentDayName" varchar_pattern_ops);


--
-- Name: commitment_commitmentnamemodel_failureName_e6dc2b89_like; Type: INDEX; Schema: public; Owner: postgres
--

CREATE INDEX "commitment_commitmentnamemodel_failureName_e6dc2b89_like" ON public.commitment_commitmentnamemodel USING btree ("failureName" varchar_pattern_ops);


--
-- Name: commitment_commitmentnamemodel_name_fa3e39e0_like; Type: INDEX; Schema: public; Owner: postgres
--

CREATE INDEX commitment_commitmentnamemodel_name_fa3e39e0_like ON public.commitment_commitmentnamemodel USING btree (name varchar_pattern_ops);


--
-- Name: commitment_commitmentnamemodel_successName_255a4f8f_like; Type: INDEX; Schema: public; Owner: postgres
--

CREATE INDEX "commitment_commitmentnamemodel_successName_255a4f8f_like" ON public.commitment_commitmentnamemodel USING btree ("successName" varchar_pattern_ops);


--
-- Name: commitment_reasonbehindcom_cause_of_category_success__4e5c58ae; Type: INDEX; Schema: public; Owner: postgres
--

CREATE INDEX commitment_reasonbehindcom_cause_of_category_success__4e5c58ae ON public.commitment_reasonbehindcommitmentsuccessorfailureforuser USING btree (cause_of_category_success_or_failure_id);


--
-- Name: commitment_reasonbehindcom_commitment_id_8f05de3a; Type: INDEX; Schema: public; Owner: postgres
--

CREATE INDEX commitment_reasonbehindcom_commitment_id_8f05de3a ON public.commitment_reasonbehindcommitmentsuccessorfailureforuser USING btree (commitment_id);


--
-- Name: commitment_reasonbehindcom_user_id_d89ab5c0; Type: INDEX; Schema: public; Owner: postgres
--

CREATE INDEX commitment_reasonbehindcom_user_id_d89ab5c0 ON public.commitment_reasonbehindcommitmentsuccessorfailureforuser USING btree (user_id);


--
-- Name: designation_designationmodel_title_d295d367_like; Type: INDEX; Schema: public; Owner: postgres
--

CREATE INDEX designation_designationmodel_title_d295d367_like ON public.designation_designationmodel USING btree (title varchar_pattern_ops);


--
-- Name: django_admin_log_content_type_id_c4bce8eb; Type: INDEX; Schema: public; Owner: postgres
--

CREATE INDEX django_admin_log_content_type_id_c4bce8eb ON public.django_admin_log USING btree (content_type_id);


--
-- Name: django_admin_log_user_id_c564eba6; Type: INDEX; Schema: public; Owner: postgres
--

CREATE INDEX django_admin_log_user_id_c564eba6 ON public.django_admin_log USING btree (user_id);


--
-- Name: django_session_expire_date_a5c62663; Type: INDEX; Schema: public; Owner: postgres
--

CREATE INDEX django_session_expire_date_a5c62663 ON public.django_session USING btree (expire_date);


--
-- Name: django_session_session_key_c0390e0f_like; Type: INDEX; Schema: public; Owner: postgres
--

CREATE INDEX django_session_session_key_c0390e0f_like ON public.django_session USING btree (session_key varchar_pattern_ops);


--
-- Name: subscription_subscriptionmodel_duration_in_months_6d7ae9d4_like; Type: INDEX; Schema: public; Owner: postgres
--

CREATE INDEX subscription_subscriptionmodel_duration_in_months_6d7ae9d4_like ON public.subscription_subscriptionmodel USING btree (duration_in_months varchar_pattern_ops);


--
-- Name: user_usermodel_designation_id_8abf1d2c; Type: INDEX; Schema: public; Owner: postgres
--

CREATE INDEX user_usermodel_designation_id_8abf1d2c ON public.user_usermodel USING btree (designation_id);


--
-- Name: user_userpaymentdetailsmodel_subscription_id_53004fe9; Type: INDEX; Schema: public; Owner: postgres
--

CREATE INDEX user_userpaymentdetailsmodel_subscription_id_53004fe9 ON public.user_userpaymentdetailsmodel USING btree (subscription_id);


--
-- Name: user_userpaymentdetailsmodel_user_id_id_c684c2ca; Type: INDEX; Schema: public; Owner: postgres
--

CREATE INDEX user_userpaymentdetailsmodel_user_id_id_c684c2ca ON public.user_userpaymentdetailsmodel USING btree (user_id_id);


--
-- Name: user_usersubscriptiondetailsmodel_subscription_id_f3763b2c; Type: INDEX; Schema: public; Owner: postgres
--

CREATE INDEX user_usersubscriptiondetailsmodel_subscription_id_f3763b2c ON public.user_usersubscriptiondetailsmodel USING btree (subscription_id);


--
-- Name: user_usersubscriptiondetailsmodel_user_id_a8950212; Type: INDEX; Schema: public; Owner: postgres
--

CREATE INDEX user_usersubscriptiondetailsmodel_user_id_a8950212 ON public.user_usersubscriptiondetailsmodel USING btree (user_id);


--
-- Name: auth_group_permissions auth_group_permissio_permission_id_84c5c92e_fk_auth_perm; Type: FK CONSTRAINT; Schema: public; Owner: postgres
--

ALTER TABLE ONLY public.auth_group_permissions
    ADD CONSTRAINT auth_group_permissio_permission_id_84c5c92e_fk_auth_perm FOREIGN KEY (permission_id) REFERENCES public.auth_permission(id) DEFERRABLE INITIALLY DEFERRED;


--
-- Name: auth_group_permissions auth_group_permissions_group_id_b120cbf9_fk_auth_group_id; Type: FK CONSTRAINT; Schema: public; Owner: postgres
--

ALTER TABLE ONLY public.auth_group_permissions
    ADD CONSTRAINT auth_group_permissions_group_id_b120cbf9_fk_auth_group_id FOREIGN KEY (group_id) REFERENCES public.auth_group(id) DEFERRABLE INITIALLY DEFERRED;


--
-- Name: auth_permission auth_permission_content_type_id_2f476e4b_fk_django_co; Type: FK CONSTRAINT; Schema: public; Owner: postgres
--

ALTER TABLE ONLY public.auth_permission
    ADD CONSTRAINT auth_permission_content_type_id_2f476e4b_fk_django_co FOREIGN KEY (content_type_id) REFERENCES public.django_content_type(id) DEFERRABLE INITIALLY DEFERRED;


--
-- Name: auth_user_groups auth_user_groups_group_id_97559544_fk_auth_group_id; Type: FK CONSTRAINT; Schema: public; Owner: postgres
--

ALTER TABLE ONLY public.auth_user_groups
    ADD CONSTRAINT auth_user_groups_group_id_97559544_fk_auth_group_id FOREIGN KEY (group_id) REFERENCES public.auth_group(id) DEFERRABLE INITIALLY DEFERRED;


--
-- Name: auth_user_groups auth_user_groups_user_id_6a12ed8b_fk_auth_user_id; Type: FK CONSTRAINT; Schema: public; Owner: postgres
--

ALTER TABLE ONLY public.auth_user_groups
    ADD CONSTRAINT auth_user_groups_user_id_6a12ed8b_fk_auth_user_id FOREIGN KEY (user_id) REFERENCES public.auth_user(id) DEFERRABLE INITIALLY DEFERRED;


--
-- Name: auth_user_user_permissions auth_user_user_permi_permission_id_1fbb5f2c_fk_auth_perm; Type: FK CONSTRAINT; Schema: public; Owner: postgres
--

ALTER TABLE ONLY public.auth_user_user_permissions
    ADD CONSTRAINT auth_user_user_permi_permission_id_1fbb5f2c_fk_auth_perm FOREIGN KEY (permission_id) REFERENCES public.auth_permission(id) DEFERRABLE INITIALLY DEFERRED;


--
-- Name: auth_user_user_permissions auth_user_user_permissions_user_id_a95ead1b_fk_auth_user_id; Type: FK CONSTRAINT; Schema: public; Owner: postgres
--

ALTER TABLE ONLY public.auth_user_user_permissions
    ADD CONSTRAINT auth_user_user_permissions_user_id_a95ead1b_fk_auth_user_id FOREIGN KEY (user_id) REFERENCES public.auth_user(id) DEFERRABLE INITIALLY DEFERRED;


--
-- Name: commitment_causeofcategorysuccessorfailuremodel commitment_causeofca_category_id_c845b343_fk_commitmen; Type: FK CONSTRAINT; Schema: public; Owner: postgres
--

ALTER TABLE ONLY public.commitment_causeofcategorysuccessorfailuremodel
    ADD CONSTRAINT commitment_causeofca_category_id_c845b343_fk_commitmen FOREIGN KEY (category_id) REFERENCES public.commitment_commitmentcategorymodel(id) DEFERRABLE INITIALLY DEFERRED;


--
-- Name: commitment_commitmentnamemodel commitment_commitmen_category_id_3516159c_fk_commitmen; Type: FK CONSTRAINT; Schema: public; Owner: postgres
--

ALTER TABLE ONLY public.commitment_commitmentnamemodel
    ADD CONSTRAINT commitment_commitmen_category_id_3516159c_fk_commitmen FOREIGN KEY (category_id) REFERENCES public.commitment_commitmentcategorymodel(id) DEFERRABLE INITIALLY DEFERRED;


--
-- Name: commitment_commitmentmodel commitment_commitmen_category_id_fd1e1dde_fk_commitmen; Type: FK CONSTRAINT; Schema: public; Owner: postgres
--

ALTER TABLE ONLY public.commitment_commitmentmodel
    ADD CONSTRAINT commitment_commitmen_category_id_fd1e1dde_fk_commitmen FOREIGN KEY (category_id) REFERENCES public.commitment_commitmentcategorymodel(id) DEFERRABLE INITIALLY DEFERRED;


--
-- Name: commitment_commitmentmodel commitment_commitmen_commitment_name_id_cdfa02c1_fk_commitmen; Type: FK CONSTRAINT; Schema: public; Owner: postgres
--

ALTER TABLE ONLY public.commitment_commitmentmodel
    ADD CONSTRAINT commitment_commitmen_commitment_name_id_cdfa02c1_fk_commitmen FOREIGN KEY (commitment_name_id) REFERENCES public.commitment_commitmentnamemodel(id) DEFERRABLE INITIALLY DEFERRED;


--
-- Name: commitment_commitmentmodel commitment_commitmen_user_id_1c9525b9_fk_user_user; Type: FK CONSTRAINT; Schema: public; Owner: postgres
--

ALTER TABLE ONLY public.commitment_commitmentmodel
    ADD CONSTRAINT commitment_commitmen_user_id_1c9525b9_fk_user_user FOREIGN KEY (user_id) REFERENCES public.user_usermodel(id) DEFERRABLE INITIALLY DEFERRED;


--
-- Name: commitment_commitmentgraphdatamodel commitment_commitmen_user_id_b1740f21_fk_user_user; Type: FK CONSTRAINT; Schema: public; Owner: postgres
--

ALTER TABLE ONLY public.commitment_commitmentgraphdatamodel
    ADD CONSTRAINT commitment_commitmen_user_id_b1740f21_fk_user_user FOREIGN KEY (user_id) REFERENCES public.user_usermodel(id) DEFERRABLE INITIALLY DEFERRED;


--
-- Name: commitment_reasonbehindcommitmentsuccessorfailureforuser commitment_reasonbeh_cause_of_category_su_4e5c58ae_fk_commitmen; Type: FK CONSTRAINT; Schema: public; Owner: postgres
--

ALTER TABLE ONLY public.commitment_reasonbehindcommitmentsuccessorfailureforuser
    ADD CONSTRAINT commitment_reasonbeh_cause_of_category_su_4e5c58ae_fk_commitmen FOREIGN KEY (cause_of_category_success_or_failure_id) REFERENCES public.commitment_causeofcategorysuccessorfailuremodel(id) DEFERRABLE INITIALLY DEFERRED;


--
-- Name: commitment_reasonbehindcommitmentsuccessorfailureforuser commitment_reasonbeh_commitment_id_8f05de3a_fk_commitmen; Type: FK CONSTRAINT; Schema: public; Owner: postgres
--

ALTER TABLE ONLY public.commitment_reasonbehindcommitmentsuccessorfailureforuser
    ADD CONSTRAINT commitment_reasonbeh_commitment_id_8f05de3a_fk_commitmen FOREIGN KEY (commitment_id) REFERENCES public.commitment_commitmentmodel(id) DEFERRABLE INITIALLY DEFERRED;


--
-- Name: commitment_reasonbehindcommitmentsuccessorfailureforuser commitment_reasonbeh_user_id_d89ab5c0_fk_user_user; Type: FK CONSTRAINT; Schema: public; Owner: postgres
--

ALTER TABLE ONLY public.commitment_reasonbehindcommitmentsuccessorfailureforuser
    ADD CONSTRAINT commitment_reasonbeh_user_id_d89ab5c0_fk_user_user FOREIGN KEY (user_id) REFERENCES public.user_usermodel(id) DEFERRABLE INITIALLY DEFERRED;


--
-- Name: django_admin_log django_admin_log_content_type_id_c4bce8eb_fk_django_co; Type: FK CONSTRAINT; Schema: public; Owner: postgres
--

ALTER TABLE ONLY public.django_admin_log
    ADD CONSTRAINT django_admin_log_content_type_id_c4bce8eb_fk_django_co FOREIGN KEY (content_type_id) REFERENCES public.django_content_type(id) DEFERRABLE INITIALLY DEFERRED;


--
-- Name: django_admin_log django_admin_log_user_id_c564eba6_fk_auth_user_id; Type: FK CONSTRAINT; Schema: public; Owner: postgres
--

ALTER TABLE ONLY public.django_admin_log
    ADD CONSTRAINT django_admin_log_user_id_c564eba6_fk_auth_user_id FOREIGN KEY (user_id) REFERENCES public.auth_user(id) DEFERRABLE INITIALLY DEFERRED;


--
-- Name: user_usermodel user_usermodel_designation_id_8abf1d2c_fk_designati; Type: FK CONSTRAINT; Schema: public; Owner: postgres
--

ALTER TABLE ONLY public.user_usermodel
    ADD CONSTRAINT user_usermodel_designation_id_8abf1d2c_fk_designati FOREIGN KEY (designation_id) REFERENCES public.designation_designationmodel(id) DEFERRABLE INITIALLY DEFERRED;


--
-- Name: user_userpaymentdetailsmodel user_userpaymentdeta_subscription_id_53004fe9_fk_subscript; Type: FK CONSTRAINT; Schema: public; Owner: postgres
--

ALTER TABLE ONLY public.user_userpaymentdetailsmodel
    ADD CONSTRAINT user_userpaymentdeta_subscription_id_53004fe9_fk_subscript FOREIGN KEY (subscription_id) REFERENCES public.subscription_subscriptionmodel(id) DEFERRABLE INITIALLY DEFERRED;


--
-- Name: user_userpaymentdetailsmodel user_userpaymentdeta_user_id_id_c684c2ca_fk_user_user; Type: FK CONSTRAINT; Schema: public; Owner: postgres
--

ALTER TABLE ONLY public.user_userpaymentdetailsmodel
    ADD CONSTRAINT user_userpaymentdeta_user_id_id_c684c2ca_fk_user_user FOREIGN KEY (user_id_id) REFERENCES public.user_usermodel(id) DEFERRABLE INITIALLY DEFERRED;


--
-- Name: user_usersubscriptiondetailsmodel user_usersubscriptio_subscription_id_f3763b2c_fk_subscript; Type: FK CONSTRAINT; Schema: public; Owner: postgres
--

ALTER TABLE ONLY public.user_usersubscriptiondetailsmodel
    ADD CONSTRAINT user_usersubscriptio_subscription_id_f3763b2c_fk_subscript FOREIGN KEY (subscription_id) REFERENCES public.subscription_subscriptionmodel(id) DEFERRABLE INITIALLY DEFERRED;


--
-- Name: user_usersubscriptiondetailsmodel user_usersubscriptio_user_id_a8950212_fk_user_user; Type: FK CONSTRAINT; Schema: public; Owner: postgres
--

ALTER TABLE ONLY public.user_usersubscriptiondetailsmodel
    ADD CONSTRAINT user_usersubscriptio_user_id_a8950212_fk_user_user FOREIGN KEY (user_id) REFERENCES public.user_usermodel(id) DEFERRABLE INITIALLY DEFERRED;


--
-- PostgreSQL database dump complete
--

